<project xmlns="http://maven.apache.org/POM/4.0.0" xmlns:xsi="http://www.w3.org/2001/XMLSchema-instance"
	xsi:schemaLocation="http://maven.apache.org/POM/4.0.0 http://maven.apache.org/maven-v4_0_0.xsd">
	<modelVersion>4.0.0</modelVersion>
	<groupId>MyApp</groupId>
	<artifactId>MyApp</artifactId>
	<packaging>war</packaging>
	<version>0.0.1-SNAPSHOT</version>
	<name>MyApp Maven Web-app</name>
	<url>http://maven.apache.org</url>
	<distributionManagement>
	<snapshotRepository>
	
	<id>Demo_test</id>
	<name>Demo</name>
	<url>http://localhost:8081/nexus/content/repositories/Demo_test</url>
	
	</snapshotRepository>
	</distributionManagement>
	<dependencies>
<dependency>
	<groupId>org.apache.maven</groupId>
	<artifactId>maven-core</artifactId>
	<version>3.0.3</version>
</dependency>

		<dependency>
			<groupId>junit</groupId>
			<artifactId>junit</artifactId>
			<version>4.8.1</version>
			<scope>test</scope>
		</dependency>
		<dependency>
			<groupId>javax.servlet</groupId>
			<artifactId>servlet-api</artifactId>
			<version>2.5</version>
		</dependency>
		<dependency>
			<groupId>mysql</groupId>
			<artifactId>mysql-connector-java</artifactId>
			<version>5.1.2</version>
		</dependency>
		<dependency>
			<groupId>org.testng</groupId>
			<artifactId>testng</artifactId>
			<version>6.3.1</version>
			<scope>test</scope>
		</dependency>
		<dependency>
			<groupId>org.seleniumhq.selenium</groupId>
			<artifactId>selenium-firefox-driver</artifactId>
			<version>2.41.0</version>
		</dependency>
		<dependency>
			<groupId>org.seleniumhq.selenium</groupId>
			<artifactId>selenium-htmlunit-driver</artifactId>
			<version>2.40.0</version>
		</dependency>
		 <dependency>
            <groupId>org.seleniumhq.selenium</groupId>
            <artifactId>selenium-java</artifactId>
            <version>2.28.0</version>
        </dependency>

		<dependency>
			<groupId>postgresql</groupId>
			<artifactId>postgresql</artifactId>
			<version>9.0-801.jdbc4</version>
		</dependency>


		<!-- <dependency> <groupId>org.seleniumhq.selenium</groupId> <artifactId>selenium-java</artifactId> 
			<scope>test</scope> <version>2.0rc3</version> </dependency> -->
		<!-- <dependency> <groupId>org.apache.tomcat.maven</groupId> <artifactId>tomcat-maven-plugin</artifactId> 
			<version>2.2</version> <type>pom</type> </dependency> -->


	</dependencies>
	<build>

		<plugins>

			<plugin>
				<groupId>org.apache.maven.plugins</groupId>
				<artifactId>maven-surefire-plugin</artifactId>
				<version>2.17</version>
				<configuration>
					<includes>
						<include>**/Test*.java</include>
						<include>**/*Test.java</include>
						<include>**/*TestCase.java</include>
					</includes>

				</configuration>
			</plugin>
			<plugin>
				<artifactId>org.apache.maven.plugins</artifactId>
				<groupId>maven-compiler-plugin</groupId>
				<version>2.3.2</version>
				<configuration>
					<source>1.6</source>
					<target>1.6</target>
				</configuration>
			</plugin>
			
<plugin>
<artifactId>maven-deploy-plugin</artifactId>
<version>2.7</version>
<executions>
<execution>
<id>default-deploy</id>
<phase>deploy</phase>
<goals>
<goal>deploy</goal>
</goals>
</execution>
</executions>
</plugin>

<plugin>
<groupId>org.sonatype.plugins</groupId>
<artifactId>nexus-staging-maven-plugin</artifactId>
<version>1.3</version>
<executions>
<execution>
<id>default-deploy</id>
<phase>deploy</phase>
<goals>
<goal>deploy</goal>
</goals>
</execution>
</executions>
<configuration>
<serverId>nexus</serverId>
<nexusUrl>http://localhost:8081/nexus/</nexusUrl>
<skipStaging>true</skipStaging>
</configuration>
</plugin>

			<!--<plugin> <groupId>org.codehaus.mojo</groupId> <artifactId>tomcat-maven-plugin</artifactId> 
				<version>2.2</version> <configuration> <url>http://localhost:8081</url> <server>TomcatServer</server> 
				<path>D:\Tomcat7\webapps</path> </configuration> </plugin> -->
			<!-- <plugin> <groupId>org.apache.maven.plugins</groupId> <artifactId>maven-war-plugin</artifactId> 
				<version>2.2</version> </plugin> -->
		</plugins>

		<finalName>MyApp</finalName>
	</build>
</project>
 
